ID,Name,Address,City,Email,Age
2001,Zia,8154 Nec,Chandler,ziaa@pmail.net,29
2002,Catherine,Ap 9 Sed,Owens,catrin@look.net,68
2003,Alexis,52 Ave,Rutland,aleis@goo.ca,65
2004,Keane,Ap 188,Heights,kean@aol.ca,78
2005,Giacomo,Ap 200,Petersburg,giomo@icloud.couk,77
2006,Naida,824 Ave,Salem,naidaortiz@mail.ca,64
2007,Lareina,316-Rd,Austin,larein@icloud.org,49
2008,Kevyn,Ap 644,Warren,kevyn@aol.edu,61
2009,Patricia,Vitae Rd,Mobile,patricia@mail.net,72
2010,Lee,PO 270,Mont,leefisher@icloud.net,31
2011,Armand,Ap 36,Akron,armando@mail.ca,29
2012,Ezekiel,Lorem Rd,Worcester,ezekielburt@goo.com,26
2013,Willow,175 Ave,Idaho Falls,willoh@icloud.net,67
2014,Jermaine,352 Rut,Aurora,jer227@mail.net,70
2015,Danielle,305 Mollis,Monty,smith50@look.org,74
2016,Gary,1653 Arcu,Mesa,garyki49@proton.couk,34
2017,Nola,5737 Mas,Rochester,nolavaldez@aol.edu,78
2018,Kenyon,Ap 991,Tucson,kencary@mail.edu,25
2019,Macay,Ave 652,Racine,ma10@mail.com,62
2020,Geoffrey,Egestas,Petersburg,geofa4@look.org,37
2021,Reed,4 ave,Portland,reed22@mail.net,18
2022,Lacota,526 Ave,Heights,lacz8@icloud.net,45
2023,Burke,Ave 991,Bloomi,burke@mail.couk,25
2024,Irma,50 Ut,Norman,irma10@goo.ca,57
2025,Harper,Ave 394,Salem,harper@mail.org,46
2026,Rachel,Ap 386,Meridian,rachel@goo.couk,46
2027,Buck,417 Ave,Augusta,sullivan3083@outlook.org,41
2028,Cadman,5299 Ut,Augusta,cadman34@mail.com,49
2029,Geoffrey,Ap 412,Fort Worth,geoffre@goe.couk,72
2030,Renee,Ap 667,Fairbanks,renee11@prnmail.org,37
2031,Calvin,Ap 52,Springdale,cal597@hmail.net,41
2032,Brett,Ap 148,Lafayette,compto60@yoo.edu,31
2033,Ulysses,Ave 391,Springdale,ulyssesl@aol.edu,78
2034,Barrett,348 Cur,Bellevue,barrett092@mail.org,31
2035,Nina,Felis Rd,Kearney,ninacl@aol.com,64
2036,Jordan,682 Sed St,Hilo,jordaton@goo.couk,35
2037,Harrison,319 Nam,Tucson,har820@look.org,48
2038,Oren,30 Sed,Biloxi,ore36@mail.net,68
2039,Macy,1 Tellus,Boston,macy76@mail.com,63
2040,Shann,9878 Eros,Laramie,shan96@goo.edu,60
2041,Hayes,972 Sit Rd,Hilo,hayesk3@pmail.ca,46
2042,Bianca,9188 Tris,Burlington,bianca90@goo.net,25
2043,Keely,6473 suite,Paradise,kee358@gmail.couk,47
2044,Duncan,288 Urna,Knoxville,dunc81@look.ca,55
2045,Destiny,3755 In,West Jordan,des946@mail.ca,48
2046,Zephr,133 Enim,Petersburg,ze27@goo.ca,61
2047,Omar,8332 Pul,Evansville,omar2@pmail.com,50
2048,Warren,Ap 695,Boise,warren6@goo.edu,18
2049,Phyllis,792 Mauris,Missoula,phyl444@mail.net,66
2050,Risa,7 Ornare,Fort Smith,risa713@mail.edu,57
2051,Fallon,171 Nul,Davenport,fal8551@mail.com,70
